metric,AI Builders,AI Integrators,premium
Sharpe Ratio,1.9849999999999999,0.9385,+111.5%
Annualized Return %,66.83,28.59,
Volatility %,31.104999999999997,25.005000000000003,
