metric,AI Builders,AI Integrators,premium
Sharpe Ratio,1.8715,0.9949999999999999,+88.1%
Annualized Return %,63.074999999999996,29.520000000000003,
Volatility %,31.335,24.65,
