metric,AI Builders,AI Integrators,premium
Sharpe Ratio,1.7715,0.9225000000000001,+92.0%
Annualized Return %,60.379999999999995,27.32,
Volatility %,31.55,24.560000000000002,
